{"cameraMode":{"drawMode":0,"name":"Shaded","section":"Shading Mode"},"sceneLighting":true,"audioPlay":false,"sceneViewState":{"showFog":true,"showMaterialUpdate":false,"showSkybox":true,"showFlares":true,"showImageEffects":true,"showParticleSystems":true},"in2DMode":false,"pivot":{"x":256.4967041015625,"y":71.28349304199219,"z":66.47279357910156},"rotation":{"x":-0.07492817938327789,"y":0.532967746257782,"z":-0.04745754227042198,"w":-0.8414759039878845},"size":17.8826904296875,"orthographic":false}